filename,label
lpkgabskbw.mp4,0.948270
yhjlnisfel.mp4,0.291653
papagllumt.mp4,0.297343
uvrzaczrbx.mp4,0.040062
kmqkiihrmj.mp4,0.141488
nswtvttxre.mp4,0.033259
vjljdfopjg.mp4,0.326183
rnfcjxynfa.mp4,0.822554
vmxfwxgdei.mp4,0.220068
ncmpqwmnzb.mp4,0.040275
ruhtnngrqv.mp4,0.052261
zgbhzkditd.mp4,0.977655
wclvkepakb.mp4,0.422168
kwfdyqofzw.mp4,0.423000
ywauoonmlr.mp4,0.017937
zfobicuigx.mp4,0.425114
vnlzxqwthl.mp4,0.045928
pqthmvwonf.mp4,0.901200
upmgtackuf.mp4,0.053637
ipkpxvwroe.mp4,0.357923
sylnrepacf.mp4,0.489620
dyjklprkoc.mp4,0.660868
nycmyuzpml.mp4,0.037915
nwvloufjty.mp4,0.939704
wndursivcx.mp4,0.748787
swsaoktwgi.mp4,0.873638
dvwpvqdflx.mp4,0.034233
czfqlbcfpa.mp4,0.022726
lmdyicksrv.mp4,0.199937
fxuxxtryjn.mp4,0.963759
bfjsthfhbd.mp4,0.120099
gfdjzwnpyp.mp4,0.951010
cjkctqqakb.mp4,0.487281
temjefwaas.mp4,0.978334
tynfsthodx.mp4,0.135648
uoccaiathd.mp4,0.976206
ddtbarpcgo.mp4,0.566002
cqxxumarvp.mp4,0.096280
ekvwecwltj.mp4,0.070794
rmlzgerevr.mp4,0.114122
ilqwcbprqa.mp4,0.174983
rklawjhbpv.mp4,0.874422
hevcclcklc.mp4,0.382837
hfsvqabzfq.mp4,0.976234
ptbnewtvon.mp4,0.178756
irqzdokcws.mp4,0.166562
zmxeiipnqb.mp4,0.526454
qdqdsaiitt.mp4,0.297250
ghnpsltzyn.mp4,0.857634
fjrueenjyp.mp4,0.985591
lujvyveojc.mp4,0.039981
frqfsucgao.mp4,0.063359
xrtvqhdibb.mp4,0.787842
heiyoojifp.mp4,0.169287
syxobtuucp.mp4,0.433618
bvpeerislp.mp4,0.652060
cnpanmywno.mp4,0.137425
blnmxntbey.mp4,0.105101
eisofhptvk.mp4,0.855731
oojxonbgow.mp4,0.532699
bnuwxhfahw.mp4,0.066925
qxyrtwozyw.mp4,0.825507
uhakqelqri.mp4,0.597696
yarpxfqejd.mp4,0.990652
pcoxcmtroa.mp4,0.125442
xmkwsnuzyq.mp4,0.302927
ooafcxxfrs.mp4,0.264762
wnlubukrki.mp4,0.963926
uhrqlmlclw.mp4,0.048015
mnzabbkpmt.mp4,0.065819
siebfpwuhu.mp4,0.021909
ytopzxrswu.mp4,0.975343
hnfwagcxdf.mp4,0.682918
kqlvggiqee.mp4,0.118192
khpipxnsvx.mp4,0.140742
cnxccbjlct.mp4,0.983969
vokrpfjpeb.mp4,0.235963
fjxovgmwnm.mp4,0.423448
cekwtyxdoo.mp4,0.501377
jiswxuqzyz.mp4,0.021090
omphqltjdd.mp4,0.063922
lnjkpdviqb.mp4,0.187850
vvfszaosiv.mp4,0.036540
hsbwhlolsn.mp4,0.157248
nplviymzlg.mp4,0.261775
famlupsgqm.mp4,0.982226
zzmgnglanj.mp4,0.061562
yaxgpxhavq.mp4,0.383129
mdfndlljvt.mp4,0.985842
htzbnroagi.mp4,0.079895
ojsxxkalat.mp4,0.294733
ndikguxzek.mp4,0.982502
aqrsylrzgi.mp4,0.021919
ouaowjmigq.mp4,0.028718
ybbrkacebd.mp4,0.149362
wcqvzujamg.mp4,0.563854
bkcyglmfci.mp4,0.120411
zbgssotnjm.mp4,0.043463
rerpivllud.mp4,0.954341
qswlzfgcgj.mp4,0.227661
apvzjkvnwn.mp4,0.042020
hweshqpfwe.mp4,0.974759
rfjuhbnlro.mp4,0.664802
nkhzxomani.mp4,0.232153
hzssdinxec.mp4,0.943755
dzojiwfvba.mp4,0.021670
jhczqfefgw.mp4,0.662410
bcvheslzrq.mp4,0.768340
prwsfljdjo.mp4,0.051812
fnxgqcvlsd.mp4,0.126822
mwwploizlj.mp4,0.052242
bwdmzwhdnw.mp4,0.812600
hicjuubiau.mp4,0.451602
ystdtnetgj.mp4,0.036265
hcanfkwivl.mp4,0.956275
pdufsewrec.mp4,0.055642
phjvutxpoi.mp4,0.029340
dtozwcapoa.mp4,0.019126
wmoqzxddkb.mp4,0.236910
mszblrdprw.mp4,0.964773
ecumyiowzs.mp4,0.695229
hbufmvbium.mp4,0.039427
eppyqpgewp.mp4,0.042454
srfefmyjvt.mp4,0.153025
fddmkqjwsh.mp4,0.986627
zfrrixsimm.mp4,0.095839
yhylappzid.mp4,0.035976
hsbljbsgxr.mp4,0.938213
iznnzjvaxc.mp4,0.960646
cosghhimnd.mp4,0.121064
orixbcfvdz.mp4,0.911519
fsdrwikhge.mp4,0.148652
toinozytsp.mp4,0.437646
pxjkzvqomp.mp4,0.025956
gahgyuwzbu.mp4,0.118100
gqnaxievjx.mp4,0.102925
uxuvkrjhws.mp4,0.125690
fzvpbrzssi.mp4,0.514165
ekboxwrwuv.mp4,0.880239
blszgmxkvu.mp4,0.042954
pqdeutauqc.mp4,0.369714
fmvvmcbdrw.mp4,0.982178
yllztsrwjw.mp4,0.684243
ncoeewrdlo.mp4,0.981219
rrrfjhugvb.mp4,0.464675
elackxuccp.mp4,0.042012
wqysrieiqu.mp4,0.114294
ljauauuyka.mp4,0.044789
mxahsihabr.mp4,0.679204
lyoslorecs.mp4,0.094295
bktkwbcawi.mp4,0.987214
tvhjcfnqtg.mp4,0.988194
jiavqbrkyk.mp4,0.079342
qooxnxqqjb.mp4,0.274312
cekarydqba.mp4,0.032392
ptbfnkajyi.mp4,0.781771
ucthmsajay.mp4,0.489575
bzvzpwrabw.mp4,0.985130
gpsxfxrjrr.mp4,0.328334
yietrwuncf.mp4,0.060067
okgelildpc.mp4,0.990235
csnkohqxdv.mp4,0.465971
eywdmustbb.mp4,0.980817
dxgnpnowgk.mp4,0.019370
oefukgnvel.mp4,0.015591
cqhwesrciw.mp4,0.087009
qlqhjcshpk.mp4,0.929378
dpevefkefv.mp4,0.073601
ahjnxtiamx.mp4,0.888266
hqzwudvhih.mp4,0.973847
yoyhmxtrys.mp4,0.212022
wadvzjhwtw.mp4,0.023116
fmhiujydwo.mp4,0.070994
dvkdfhrpph.mp4,0.656890
nthpnwylxo.mp4,0.162269
gkutjglghz.mp4,0.132629
nymodlmxni.mp4,0.184994
jytrvwlewz.mp4,0.082958
oyqgwjdwaj.mp4,0.089015
wjhpisoeaj.mp4,0.268650
rukyxomwcx.mp4,0.079769
hyjqolupxn.mp4,0.274149
sznkemeqro.mp4,0.066276
lnhkjhyhvw.mp4,0.037636
vwxednhlwz.mp4,0.718294
pdswwyyntw.mp4,0.332567
sqixhnilfm.mp4,0.972613
bcbqxhziqz.mp4,0.060343
snlyjbnpgw.mp4,0.412053
fopjiyxiqd.mp4,0.080157
sktpeppbkc.mp4,0.125532
xphdfgmfmz.mp4,0.976425
usqqvxcjmg.mp4,0.657946
lbfqksftuo.mp4,0.988624
dkuqbduxev.mp4,0.161318
bjyaxvggle.mp4,0.960065
sfsayjgzrh.mp4,0.188831
tjuihawuqm.mp4,0.643583
sufvvwmbha.mp4,0.985916
dzkyxbbqkr.mp4,0.216008
scrbqgpvzz.mp4,0.530573
yljecirelf.mp4,0.075587
opvqdabdap.mp4,0.683246
mohiqoogpb.mp4,0.056159
vssmlqoiti.mp4,0.039040
fneqiqpqvs.mp4,0.093134
tjywwgftmv.mp4,0.869480
ipvwtgdlre.mp4,0.739574
ggzjfrirjh.mp4,0.189955
sjwywglgym.mp4,0.602331
zuwwbbusgl.mp4,0.020611
apedduehoy.mp4,0.162926
qarqtkvgby.mp4,0.101519
scbdenmaed.mp4,0.386687
rcecrgeotc.mp4,0.988456
sjkfxrlxxs.mp4,0.975227
petmyhjclt.mp4,0.903473
bfdopzvxbi.mp4,0.209522
ayipraspbn.mp4,0.229354
vizerpsvbz.mp4,0.077023
orekjthsef.mp4,0.494601
yxirnfyijn.mp4,0.268871
tyjpjpglgx.mp4,0.333046
vajkicalux.mp4,0.105884
doniqevxeg.mp4,0.347209
syuxttuyhm.mp4,0.334514
icbsahlivv.mp4,0.444020
zcxcmneefk.mp4,0.310156
mkmgcxaztt.mp4,0.026602
uubgqnvfdl.mp4,0.924204
lbigytrrtr.mp4,0.684047
ywxpquomgt.mp4,0.028801
rmufsuogzn.mp4,0.235347
fwykevubzy.mp4,0.114763
lebzjtusnr.mp4,0.463109
sjinmmbipg.mp4,0.781404
espkiocpxq.mp4,0.815439
dnmowthjcj.mp4,0.124464
mwnibuujwz.mp4,0.049382
xitgdpzbxv.mp4,0.688700
temeqbmzxu.mp4,0.878067
kmcdjxmnoa.mp4,0.951407
xugmhbetrw.mp4,0.420357
udxqbhgvvx.mp4,0.976466
eqslzbqfea.mp4,0.102476
kvmpmhdxly.mp4,0.252604
dmmvuaikkv.mp4,0.535927
uqvxjfpwdo.mp4,0.992035
bdshuoldwx.mp4,0.627511
jsbpkpxwew.mp4,0.986218
qyyhuvqmyf.mp4,0.982563
cxsvvnxpyz.mp4,0.073446
acazlolrpz.mp4,0.349724
rvvpazsffd.mp4,0.987138
llplvmcvbl.mp4,0.057600
eyguqfmgzh.mp4,0.047813
jzmzdispyo.mp4,0.070874
novarhxpbj.mp4,0.064114
ajiyrjfyzp.mp4,0.157097
tgawasvbbr.mp4,0.077896
ztyuiqrhdk.mp4,0.021980
xljemofssi.mp4,0.595881
nwvsbmyndn.mp4,0.091396
yxadevzohx.mp4,0.971768
vdtsbqidjb.mp4,0.292042
kowiwvrjht.mp4,0.857745
gunamloolc.mp4,0.958154
ekelfsnqof.mp4,0.036992
aktnlyqpah.mp4,0.966458
jawgcggquk.mp4,0.101890
lhvjzhjxdp.mp4,0.946537
coqwgzpbhx.mp4,0.318407
oysopgovhu.mp4,0.856066
hefisnapds.mp4,0.464116
dozjwhnedd.mp4,0.982837
eryjktdexi.mp4,0.443905
fpevfidstw.mp4,0.088228
voawxrmqyl.mp4,0.982713
yronlutbgm.mp4,0.017441
mxlipjhmqk.mp4,0.026843
hxwtsaydal.mp4,0.489535
hitfycdavv.mp4,0.729879
mkzaekkvej.mp4,0.062791
rktrpsdlci.mp4,0.165041
oelqpetgwj.mp4,0.974381
adohdulfwb.mp4,0.036179
ggdpclfcgk.mp4,0.962621
shnsajrsow.mp4,0.801158
rcjfxxhcal.mp4,0.528424
owaogcehvc.mp4,0.663036
dcqodpzomd.mp4,0.335654
vbcgoyxsvn.mp4,0.096899
yzuestxcbq.mp4,0.676768
zyufpqvpyu.mp4,0.503102
demuhxssgl.mp4,0.640165
itfsvvmslp.mp4,0.988491
txmnoyiyte.mp4,0.562341
rtpbawlmxr.mp4,0.980559
kezwvsxxzj.mp4,0.110908
gccnvdoknm.mp4,0.986775
prhmixykhr.mp4,0.625960
kcjvhgvhpt.mp4,0.978572
dvtpwatuja.mp4,0.109564
ocgdbrgmtq.mp4,0.075350
zxacihctqp.mp4,0.045907
gochxzemmq.mp4,0.711445
ihglzxzroo.mp4,0.045061
axfhbpkdlc.mp4,0.865440
qclpbcbgeq.mp4,0.070273
gfgcwxkbjd.mp4,0.032063
njzshtfmcw.mp4,0.914860
dxfdovivlw.mp4,0.514500
jsysgmycsx.mp4,0.663819
dsnxgrfdmd.mp4,0.063466
gfcycflhbo.mp4,0.953579
xcruhaccxc.mp4,0.308838
iorbtaarte.mp4,0.066948
fqgypsunzr.mp4,0.949853
knxltsvzyu.mp4,0.149313
halvwiltfs.mp4,0.960187
pxcfrszlgi.mp4,0.346273
ytddugrwph.mp4,0.974233
qlvsqdroqo.mp4,0.127533
qcbkztamqc.mp4,0.732964
iksxzpqxzi.mp4,0.360919
ylxwcwhjjd.mp4,0.023145
wvgviwnwob.mp4,0.982234
xxzefxwyku.mp4,0.041215
gbnzicjyhz.mp4,0.991170
qhkzlnzruj.mp4,0.461645
hierggamuo.mp4,0.026591
ziipxxchai.mp4,0.107957
ljouzjaqqe.mp4,0.012411
evysmtpnrf.mp4,0.190007
honxqdilvv.mp4,0.477255
btdxnajogv.mp4,0.053890
vhbbwdflyh.mp4,0.963494
huvlwkxoxm.mp4,0.218549
zgjosltkie.mp4,0.976993
psesikjaxx.mp4,0.016531
nxnmkytwze.mp4,0.032601
xjvxtuakyd.mp4,0.668202
dpmgoiwhuf.mp4,0.027820
nxgzmgzkfv.mp4,0.119484
tejfudfgpq.mp4,0.031409
wixbuuzygv.mp4,0.193358
vurjckblge.mp4,0.382683
rfwxcinshk.mp4,0.886799
bkuzquigyt.mp4,0.108662
xhtppuyqdr.mp4,0.435621
ryxaqpfubf.mp4,0.659052
lpgxwdgnio.mp4,0.028795
imdmhwkkni.mp4,0.890169
txnmkabufs.mp4,0.032969
aayfryxljh.mp4,0.057856
wcvsqnplsk.mp4,0.827882
etdliwticv.mp4,0.972466
vtunvalyji.mp4,0.067035
yxvmusxvcz.mp4,0.130440
ztyvglkcsf.mp4,0.189937
pcyswtgick.mp4,0.148579
sngjsueuhs.mp4,0.263692
hclsparpth.mp4,0.928591
hszwwswewp.mp4,0.038631
esmqxszybs.mp4,0.896077
igpvrfjdzc.mp4,0.192513
esjdyghhog.mp4,0.307653
wcssbghcpc.mp4,0.968881
didzujjhtg.mp4,0.344852
aomqqjipcp.mp4,0.944549
gcdtglsoqj.mp4,0.315848
qhsehzgxqj.mp4,0.947208
coujjnypba.mp4,0.961586
qsjiypnjwi.mp4,0.965593
mnowxangqx.mp4,0.906464
wfzjxzhdkj.mp4,0.136717
yiykshcbaz.mp4,0.387909
aassnaulhq.mp4,0.671305
bofrwgeyjo.mp4,0.973741
ypbtpunjvm.mp4,0.058727
oocincvedt.mp4,0.051221
ibxfxggtqh.mp4,0.142772
oaguiggjyv.mp4,0.019086
mllzkpgatp.mp4,0.865998
jyoxdvxpza.mp4,0.079411
nikynwcvuh.mp4,0.985387
sodvtfqbpf.mp4,0.302836
hzoiotcykp.mp4,0.574179
jquevmhdvc.mp4,0.876698
qqnlrngaft.mp4,0.013428
waucvvmtkq.mp4,0.037701
jyfvaequfg.mp4,0.018181
yqhouqakbx.mp4,0.963137
wynotylpnm.mp4,0.087302
nxzgekegsp.mp4,0.982720
keioymnobc.mp4,0.048445
xdezcezszc.mp4,0.034445
viteugozpv.mp4,0.038824
alrtntfxtd.mp4,0.131022
rxdoimqble.mp4,0.155978
